linux,#fff,1991.8.1,""
MCC Interim,#696a48,1992.2,linux
TAMU,#3a34bc,1992.5,linux
SLS,#9c8ac4,1992.6,linux
Yggdrasil,#668f53,1992.12.8,linux
DLD,#9e9e9e,1993,linux
Slackware,#000,1993.7.16,SLS
Debian,#bf1238,1993.8.16,linux
LST,#4e8969,1993.12,linux
Bogus,#8ecab5,1994.1,linux
S.u.S.E,#438643,1994.3,Slackware
Red Hat,#cc0000,1994.11.3,linux
Linux-FT,#ff0031,1995.1,linux
Xdenu,#613980,1995,linux
WGS Linux Pro,#ff5f00,1995,Red Hat
Mini,#55b7f4,1995.2,linux
MNIS,#516b9e,1995.2.1,Slackware
Jurix,#9f9f9f,1995.2.8,linux
Trans-Ameritech,#ff1600,1995.3,linux
Unifix,#334466,1995.6,linux
Linux Universe,#000,1995.10,linux
Craftworks,#ff6cc4,1996,linux
Caldera,#5ea3db,1996.2,Red Hat
DILINUX,#ff5f00,1996.4,linux
mkLinux,#35332d,1996.5.17,linux
Monkey,#8b3706,1996.10,linux
LinuxPPC,#4cc931,1997.4,Red Hat
Burapha,#77f7ff,1997.6,Slackware
UltraPenguin,#000,1997.7,Red Hat
Weaver,#ff9600,1997.9,linux
Conectiva,#4c3065,1997.10,Red Hat
Stampede,#866846,1997.12.4,Slackware
Buhawi,#99ccff,1997.12.21,Red Hat
Eurielec,#040404,1998,Red Hat
PLD,#3f89d0,1998,Red Hat
µClinux,#4b78ff,1998.1,linux
Turbolinux,#8c99ce,1998.6,Red Hat
Mandrake,#3f48c9,1998.7.23,Red Hat
ROCK,#77781b,1998.8,linux
Fermi,#00309e,1998.8.31,Red Hat
Demolinux,#3333ff,1998.9,Mandrake
Project Ballantin,#000,1998.11,linux
tomsrtbt,#000,1998.11.6,linux
Coyote,#282896,1998.12,linux
KRUD,#00adfb,1999,Red Hat
e-smith,#d38b8e,1999.1,Red Hat
eIT easyLinux,#189069,1999.2.10,linux
Eridani,#2625a4,1999.3,Red Hat
ELinOS,#0d3b69,1999.3,linux
Yellow Dog,#baba4c,1999.3.8,Red Hat
Vine,#323296,1999.3.28,Red Hat
FREESCO,#5588bb,1999.5.17,Project Ballantin
Red Flag,#e34043,1999.8,Red Hat
Corel,#ecba5b,1999.9,Debian
Armed,#d73ce2,1999.9.5,Red Hat
Immunix,#bbd295,1999.10,Red Hat
Libranet,#0169c9,1999.11.9,Debian
Kondara,#5d0202,1999.11.11,Red Hat
Enoch,#a0a0f0,1999.12,linux
Storm,#2a2a98,1999.12,Debian
Linux From Scratch,#000,1999.12,linux
Peanut,#4ac250,1999.12,linux
BluePoint,#5b62ec,1999.12,linux
Astaro,#ebb64c,2000.1,S.u.S.E
KaeilOS,#FF0000,2000.1,linux
Linpus,#afafaf,2000.1.28,Red Hat
Omoikane (Arma),#bfd0d6,2000.2,Debian
ELX,#44b6fd,2000.2,Red Hat
Trustix,#c4c4c4,2000.3,Red Hat
AtheOS,#bd5121,2000.3,linux
Finnix,#000,2000.3.22,Red Hat
Tiny,#444466,2000.4.6,Slackware
BU,#e30000,2000.5,Red Hat
VectorLinux,#504ca3,2000.6.30,Slackware
Gibraltar,#f00,2000.7.31,Debian
Miracle,#e34043,2000.8,Red Hat
SmoothWall GPL,#d06bd0,2000.8.30,linux
Happy,#7ecce0,2000.9,Red Hat
Knoppix,#c7bff0,2000.9.30,Debian
Pingo,#203e7f,2000.10.1,Red Hat
Ututo,#ba3232,2000.10,linux
Caixa Mágica,#50b9e6,2000.10,S.u.S.E
Best,#000,2000.10.24,Red Hat
LEAF,#00b4d7,2000.10.29,Debian
SLES,#7ac142,2000.10.31,S.u.S.E
Rocks,#1e2e41,2000.11,Red Hat
ClarkConnect,#608921,2000.11,Red Hat
CRUX,#4d699b,2001.1,linux
Beehive,#69c0c7,2001.2.19,linux
Midori,#75e184,2001.3.13,linux
ASP,#8888dd,2001.3.22,Red Hat
ALT,#ebe04a,2001.3.25,Mandrake
Leka Rescue Floppy,#e0d3b6,2001.4.1,linux
Progeny,#121356,2001.4.9,Debian
SuperRescue,#4ba284,2001.5.1,Red Hat
Openwall,#000,2001.5.15,linux
OpenWRT,#557788,2001.6.1,linux
dyne:bolic,#f1ca6d,2001.6,linux
Independence,#993333,2001.6,Red Hat
K12,#5ac8f0,2001.7,Red Hat
Skolelinux,#e0b1b7,2001.7.2,Debian
DeMuDi,#be41e3,2001.7.19,Debian
HP Secure,#0d56ce,2001.7.26,Red Hat
Ark,#545454,2001.8,linux
Lindows,#3b806e,2001.8,Debian
NetStation,#116daa,2001.8.28,linux
Virtual,#8c8f96,2001.9.16,Mandrake
Sorcerer,#36ce3b,2001.10,linux
Aurora,#ffa51e,2001.11.5,Red Hat
EnGarde,#a54bdd,2001.12,linux
Redmond,#33812b,2001.12.8,Caldera
IPCop,#8065ce,2002.1.5,SmoothWall GPL
Haydar,#d9a020,2002.1.26,Red Hat
Tinfoil Hat,#000,2002.2,linux
Lunar,#6257cd,2002.3,Sorcerer
Arch,#0771a6,2002.3.11,linux
Source Mage,#bf3032,2002.4,Sorcerer
EvilEntity,#8b179c,2002.4.26,Slackware
Slax,#aadc87,2002.5,Slackware
gnuLiNex,#30632a,2002.6.9,Debian
Bayanihan,#2a5dd5,2002.6.20,Red Hat
Syllable,#4488bb,2002.7,AtheOS
Topologilinux,#000,2002.8.25,Slackware
LinuxConsole,#333333,2002.10,linux
BLAG,#000,2002.10.22,Red Hat
DeLi,#767676,2002.11.2,Slackware
Aurox,#6fd96a,2002.11.13,Red Hat
United Linux,#040404,2002.11.19,linux
Rxart,#666666,2002.12,Debian
GoboLinux,#6da697,2003,linux
LinuxInstall,#fdbf44,2003.1.7,Red Hat
Yoper,#c63937,2003.1.9,linux
OpenEmbedded,#0bd,2003.2,linux
ZENIX,#009999,2003.2.10,Linux From Scratch
Kurumin,#42328e,2003.2.18,Knoppix
Gentoox,#0050ff,2003.3,Enoch
BlackRhino,#000,2003.3.4,Debian
Quantian,#3366dd,2003.3.6,Knoppix
miniwoody,#12ad12,2003.3.15,Debian
Morphix,#8b8b8b,2003.3.19,Knoppix
Berry,#ffc300,2003.4.13,Red Hat
Jollix,#ffee55,2003.4.17,Enoch
UHU,#ccc,2003.4.18,linux
MEPIS,#8598c0,2003.5,Debian
GeeXboX,#5050ff,2003.5.16,linux
Damn Small Linux,#cb9340,2003.6,Knoppix
Puppy,#dec374,2003.6,linux
AnNyung,#4c4c4c,2003.6.14,Red Hat
AL-AMLUG,#77aacc,2003.7.4,Arch
INSERT,#003399,2003.8.1,Knoppix
KnoppMyth,#92bac4,2003.8.8,Knoppix
ATmission,#a6865f,2003.8.23,Red Hat
Thinstation,#000,2003.8.30,NetStation
Stux,#ff0000,2003.9.1,Slackware
SAM,#007800,2003.10,Mandrake
ASLinux,#e3763f,2003.10.1,Debian
PCLinuxOS,#78ca75,2003.10,Mandrake
Devil,#de2323,2003.10.20,linux
Kwort,#135cae,2003.10.26,Slackware
Impi,#050505,2003.11.1,Debian
Medialinux,#778888,2003.11,Knoppix
Danix,#3b679f,2003.11.5,Knoppix
Fedora Core,#362e94,2003.11.6,Red Hat
Sun JDS,#000,2003.11.10,S.u.S.E
NST,#000,2003.12,Fedora Core
CentOS,#6f4376,2003.12.1,Red Hat
Feather,#828282,2003.12,Knoppix
PUIAS,#b00,2003.12,Red Hat
blackPanther,#000,2003.12,Mandrake
White Box,#737373,2003.12.17,Red Hat
Xebian,#dfdfdf,2003.12.17,Debian
OpenSLS,#a6a5c5,2003.12.22,Mandrake
Kanotix,#c8b582,2003.12.24,Knoppix
Shabdix,#f64f67,2003.12.26,Knoppix
Dizinha,#88bff7,2004.1.4,Kurumin
Bluewall,#4bb8c9,2004.1.6,Debian
BioBrew,#21896c,2004.1.20,Red Hat
DNALinux,#496da7,2004.2,Slax
Kalango,#a0a067,2004.2.1,Kurumin
Amber,#ff9900,2004.2,Debian
DARKSTAR,#705ca4,2004.2,Slackware
NixOS,#6666dd,2004.2.14,linux
K-DEMar,#416db7,2004.2.14,Debian
Bioknoppix,#5e4ab0,2004.2.20,Knoppix
Guadalinex,#369036,2004.2.24,Debian
Hiwix,#376e08,2004.2.28,Morphix
AUSTRUMI,#d5bc60,2004.3,Slackware
Ututo-e,#d30110,2004.3,Ututo
Euronode,#ff2222,2004.3.13,Debian
QiLinux,#ffd133,2004.3.19,linux
Natures Linux,#0f0,2004.3.30,linux
DeadCD,#9bb657,2004.4,Debian
DRBL,#333,2004.4.1,Debian
Joatha,#e55522,2004.4,Knoppix
CERN,#4078c3,2004.4.16,Red Hat
Aquamorph,#38587c,2004.5,Morphix
Openfiler,#5f86ac,2004.5,linux
Clonezilla Live,#f79f5d,2004.5,Debian
Scientific,#191756,2004.5.10,Red Hat
Auditor Security Linux,#5c7152,2004.5.20,Kanotix
Minislack,#496da7,2004.5.21,Slackware
MAX,#477dbe,2004.5.27,Knoppix
ZoneCD,#020202,2004.6,Morphix
Asianux,#000,2004.6,Miracle
B2D,#99ccff,2004.6,Knoppix
Navyn OS,#224488,2004.6.1,Enoch
Underground Desktop,#cc3344,2004.6,Debian
Octoz,#ce6816,2004.7,linux
Kaella,#be2800,2004.7,Knoppix
GoblinX,#e68200,2004.7,Slackware
Slack/390,#444444,2004.7.6,Slackware
Specifix,#332c55,2004.7.14,linux
Whoppix,#445fff,2004.8,Knoppix
HostGIS,#654321,2004.8,Slackware
Momonga,#832519,2004.8.6,Fedora Core
StartCom,#000,2004.8.26,Red Hat
grml,#e7c71c,2004.8.31,Debian
UserLinux,#ddbb66,2004.9,Debian
Hikarunix,#e48535,2004.9.17,Damn Small Linux
FoX,#f4a651,2004.10,Fedora Core
T2,#09345f,2004.10.3,ROCK
VidaLinux,#718969,2004.10.4,Enoch
Kate,#e48a67,2004.10.9,Slackware
Ubuntu,#675a3b,2004.10.20,Debian
NimbleX,#ad2028,2004.10.20,Slackware
MOPSLinux,#50c846,2004.11,Slackware
Frugalware,#676a97,2004.11.2,Slackware
NLD,#7ac142,2004.11.8,S.u.S.E
Asterisk@Home,#599116,2004.11.9,CentOS
BeatriX,#c7bff0,2004.11.24,Debian
Arco-Debian,#555555,2004.12.1,Debian
Tao,#56c1ff,2004.12.4,Red Hat
Paldo,#2a6096,2004.12.9,linux
MoLinux,#ad1d5a,2004.12.15,Debian
Slamd64,#5a5050,2005.1.19,Slackware
Resulinux,#ff6600,2005.1.25,Debian
Parsix,#e48535,2005.1.25,Kanotix
Tirwal,#e20a16,2005.2,MoLinux
Pentoo,#000100,2005.2,Enoch
BlankOn,#0c7a00,2005.2.1,Debian
Voyage,#005a8c,2005.2.14,Debian
Foresight,#a3a3a3,2005.3,Specifix
Arabian,#225571,2005.3,Ubuntu
epiOS,#2181B0,2005.3,Enoch
Poseidon,#42328e,2005.3.10,Kurumin
64Studio,#ABBEE4,2005.4,DeMuDi
Trisquel,#5fc8ff,2005.4,Debian
Kubuntu,#4f5695,2005.4.8,Ubuntu
ParallelKnoppix,#a0553c,2005.4.25,Knoppix
NetSecL,#334d55,2005.5.6,Slackware
Symphony OS,#d41316,2005.5.12,Knoppix
MythDora,#3399cc,2005.6,Fedora Core
LliureX,#369,2005.6.5,Debian
VENENUX,#1841bd,2005.6.6,Debian
pQui,#105289,2005.7,Slackware
AsianLinux,#00e3d4,2005.7.2,Fedora Core
Elive,#ebe25f,2005.7.22,Debian
Wolvix,#5a5a5a,2005.8,Slax
IPFire,#66000f,2005.8,IPCop
Tuquito,#96dec8,2005.9,Debian
Lihuen,#b3c4ac,2005.9.1,gnuLiNex
Musix,#000064,2005.9.12,Knoppix
SLAMPP,#ff4343,2005.9.19,Slax
Slackintosh,#6496fa,2005.9.29,Slackware
RR4,#e9b689,2005.10,Enoch
BrazilFW,#0076b1,2005.10.5,linux
Edubuntu,#a12726,2005.10.13,Ubuntu
OS2005,#fa8700,2005.11,Debian
ThinClientOS,#bb1111,2005.11.10,Debian
Bintoo,#89c8e9,2005.12.11,Enoch
Kororaa,#706f7f,2005.12.12,Enoch
nUbuntu,#702b2e,2005.12.18,Ubuntu
NepaLinux,#a02727,2005.12.22,Debian
Pardus,#da9746,2005.12.26,linux
Sauver,#b140c3,2006.1.1,Slackware
Jarro Negro,#000,2006.1.18,linux
Dreamlinux,#009c9c,2006.2.12,Morphix
Epidemic,#4da20f,2006.2.16,Debian
Vyatta,#ff9933,2006.3,Debian
Librassoc,#9999aa,2006.3.23,Debian
Ophcrack,#8fc442,2006.3.24,linux
Freespire,#007197,2006.4.24,Lindows
NeoDizinha,#b6dbf6,2006.5,Dizinha
Alpine,#5f8dd3,2006.5.4,linux
RIP,#2b1bb0,2006.5.5,linux
DSL-N,#000,2006.5.8,Damn Small Linux
Xubuntu,#53525f,2006.6.1,Ubuntu
Gnu-HALO,#3c5c47,2006.6,Slax
Voltalinux,#44dafd,2006.6,Slackware
Everest,#005896,2006.6.5,linux
Zeroshell,#0000c0,2006.6.25,linux
Bardinux,#832c6a,2006.7.7,Kubuntu
Christian Edition,#761f0c,2006.7.23,Ubuntu
PUD,#5c7684,2006.8,Ubuntu
PureOS,#2337ff,2006.8.5,Debian
Ekaaty,#3f7857,2006.8.15,Fedora Core
Mint,#5fec52,2006.8.27,Ubuntu
Linkat,#fcbe32,2006.9.12,S.u.S.E
How-Tux,#dcd140,2006.10,Slackware
Bluewhite64,#2356e6,2006.10.4,Slackware
Absolute,#5a4114,2006.10.22,Slackware
Oracle Enterprise,#f00,2006.10.25,Red Hat
Papug,#0082ff,2006.11,Enoch
TinyMe,#0000ff,2006.11,PCLinuxOS
Damn Vulnerable Linux,#ef0101,2006.11,Damn Small Linux
gNewSense,#c1b384,2006.11.2,Ubuntu
sidux,#7e7e86,2006.11.24,Debian
Ulteo,#4fb75e,2006.12.7,Kubuntu
Satanic Edition,#f00,2006.12.13,Ubuntu
Wifislax,#303030,2006.12.21,Slackware
Elastix,#df1f29,2006.12.29,CentOS
Granular,#ff0032,2006.12.30,PCLinuxOS
Amahi,#99aa88,2007,Fedora Core
Oz,#5da0c6,2007,Specifix
DEFT,#555555,2007.1,Kubuntu
BOSS,#4848d2,2007.1.10,Debian
Muslim Edition,#57793d,2007.1.14,Ubuntu
Uberyl,#0066bb,2007.1.16,Ubuntu
ARMedslack,#000,2007.1.18,Slackware
TEENpup,#227,2007.3.2,Puppy
Madbox,#666666,2007.3.17,Ubuntu
Polippix,#66aacc,2007.3.20,Kubuntu
LPS,#2757ab,2007.3.21,Thinstation
SliTaz,#000,2007.4.1,linux
Webconverger,#ffff00,2007.4.6,Debian
Ubuntu Studio,#0099ee,2007.5.10,Ubuntu
Draco,#bf0000,2007.5.17,Slackware
openmamba,#4db90a,2007.6,linux
Mythbuntu,#000,2007.6.4,Ubuntu
Calculate,#faa61a,2007.6.6,Enoch
Moblin,#3366bb,2007.7,Ubuntu
SMS,#6283b9,2007.8.10,Slackware
antiX,#443300,2007.8.22,MEPIS
Ubuntulite,#60b3ff,2007.9,Ubuntu
Geubuntu,#ee8354,2007.9.13,Ubuntu
Greenie,#829b1a,2007.9.14,Ubuntu
Vixta,#82c846,2007.9.20,Fedora Core
Fluxbuntu,#53ff5f,2007.10,Ubuntu
Kiwi,#f4b75e,2007.10.1,Ubuntu
Syllable Server,#4488bb,2007.10,linux
gOS,#60b384,2007.11.1,Ubuntu
Android,#a4c639,2007.11.5,linux
Mamona,#8ac73c,2007.11.15,linux
Toorox,#333333,2007.11.28,Enoch
NuTyX,#ae0001,2007.11.28,Linux From Scratch
Ångström,#9cc32a,2007.12,OpenEmbedded
Eeebuntu,#669ad0,2007.12,Ubuntu
PLoP,#c0c0d8,2007.12.26,linux
CrunchBang,#000,2008.1.22,Ubuntu
Zebuntu,#c8ff00,2008.2.15,Ubuntu
PelicanHPC,#a0553c,2008.3.1,Debian
SystemRescueCD,#508fee,2008.3.3,Enoch
Ubuntu Rescue Remix,#ddaa11,2008.3.6,Ubuntu
GALPon MiniNo,#a9290a,2008.4,Debian
Proxmox,#e36f1e,2008.4.15,Debian
Ultimate Edition,#999999,2008.5,Ubuntu
Exherbo,#006600,2008.5.20,linux
Ubuntu eee,#c8ff84,2008.6.9,Ubuntu
Estrella Roja,#f00,2008.6.11,Debian
Macpup,#538cc3,2008.6.13,Puppy
Inquisitor,#cc0000,2008.7.20,Debian
MoonOS,#4CC334,2008.8.1,Ubuntu
Maryan,#515151,2008.8.1,Ubuntu
Ojuba,#437644,2008.8.7,Fedora Core
Moblin 2,#3366bb,2008.8.19,Fedora Core
Funtoo,#333399,2008.9,Enoch
Zorin OS,#055AA0,2008.10,Ubuntu
INX,#d8ac08,2008.10.5,Ubuntu
eBox,#f49d00,2008.10.18,Ubuntu
CAINE,#f3a424,2008.10.25,Ubuntu
Newtoos,#2b4083,2008.11.13,Ubuntu
XBMC Live,#4c4c4c,2008.11.15,Ubuntu
VortexBox,#d92727,2008.11.28,Fedora Core
Metamorphose,#5b7df7,2008.12,Debian
Chaox,#000,2008.12,Arch
Wifiway,#303030,2008.12.3,Slackware
Vibuntu,#bbbbbb,2008.12.6 ,Ubuntu
Chakra,#46494D,2008.12.21,Arch
PLATYPUX,#884411,2008.12.29,Slackware
BlueOnyx,#0e264c,2008.12.31,CentOS
Tiny Core,#4f5f82,2009.1.5,linux
LinHES,#92bac4,2009.1.28,Arch
Kongoni,#fec367,2009.2,Slackware
A/V,#334466,2009.2,Ubuntu
Asturix,#55cc00,2009.2.5,Kubuntu
Nova,#3d778a,2009.2.12,Debian
Qimo,#1070c0,2009.2.18,Ubuntu
Monomaxos,#002299,2009.3,Ubuntu
Dragora,#56b04f,2009.3.13,linux
Linvo,#9cc720,2009.3.28,Slackware
Lin2Go,#2266cc,2009.4,Slackware
Lubuntu,#0169c9,2009.4.13,Ubuntu
FireFly,#ee2299,2009.6.2,Arch
Canaima,#452f27,2009.6.5,Debian
webOS,#3ea3bd,2009.6.6,linux
Tails,#6e2daf,2009.6.23,Debian
wattOS,#68b03e,2009.6.29,Ubuntu
KahelOS,#e74a47,2009.7,Arch
Chromium OS,#224488,2009.7.1,Ubuntu
CTKarchLive,#000,2009.7.5,Arch
Ophone,#77f7ff,2009.8,Android
Arch Linux ARM,#0771a6,2009.8.9,Arch
OpenELEC,#333333,2009.9.6,linux
Salix,#6e9834,2009.9.16,Slackware
Leeenux,#2e5f5a,2009.10.17,Ubuntu eee
Zenix OS,#ff8c00,2009.11.9,Ubuntu
Hanthana,#3366a9,2009.11.17,Fedora Core
Matriux,#dd2222,2009.11.27,Debian
Semplice,#290c6a,2009.12.6,Debian
Unity,#77EE00,2009.12.10,Mandrake
Ylmf,#228c2a,2009.12.26,Ubuntu
ArchBang,#0077bb,2010.1.26,Arch
Element,#006600,2010.2.17,Ubuntu
OpenNode,#004d99,2010.2.21,CentOS
Igelle,#e77918,2010.2.22,linux
Sword OS,#70BEA3,2010.3,Debian
0,#10a409,2010.3.3,linux
Netrunner,#5997de,2010.3.31,Ubuntu
Qubes OS,#666,2010.4.7,linux
GnackTrack,#d73838,2010.4.19,Ubuntu
Peppermint OS,#ae000e,2010.4.22,Lubuntu
Dax OS,#55ccaa,2010.5.1,Ubuntu
Liberté,#114488,2010.5.5,Enoch
Quirky,#000,2010.5.5,linux
MeeGo,#4e2174,2010.5.26,Moblin 2
Tiny SliTaz,#df8f06,2010.6.1,SliTaz
DoudouLinux,#524592,2010.6,Debian
Arch Hurd,#00adef,2010.6.5,Arch
Synergy,#1aa800,2010.6.15,Fedora Core
Jolicloud,#37b9e3,2010.7.9,Ubuntu
ChameleonOS,#489F3E,2010.07.12,Unity
FrameOS,#000,2010.7.15,Red Hat
AriOS,#6282A9,2010.8.11,Ubuntu
SecUntu,#aac8e0,2010.9.1,Ubuntu
Tango Studio,#729fcf,2010.9.6,Ubuntu
Linux Mint Debian,#5fec52,2010.9.7,Debian
BackBox,#2e2e2e,2010.9.9,Ubuntu
Dream Studio,#636,2010.9.11,Ubuntu
Mageia,#3f48c9,2010.9.18,Mandrake
Pinguy OS,#05a7fb,2010.9.20,Ubuntu
NodeZero,#121315,2010.10.6,Ubuntu
4M,#888,2010.10.10,linux
Fusion,#0060ff,2010.10.14,Fedora Core
Parabola,#000,2010.11,Arch
Fuduntu,#4aa02c,2010.11.7,Fedora Core
Swift,#00ae01,2010.11.15,antiX
Bodhi,#5b860a,2010.11.17,Ubuntu
Sage Live CD,#7777ff,2010.11.23,Puppy
Progress,#2455a4,2010.11.23,Debian
Blackbuntu,#000,2010.12.23,Ubuntu
Parsidora,#027ac6,2010.12.28,Fedora Core
GNUGuitarINUX,#898989,2010.12.31,Debian
P@xtreme,#bb4433,2011.1.8,Ubuntu
SalineOS,#485588,2011.1.17,Debian
Conducit,#115098,2011.1.19,Debian
Liquid Lemur,#457430,2011.2.2,Debian
iQunix OS,#8866ee,2011.3.15,Ubuntu
ROSA,#105289,2011.3.25,Mandrake
Elementary OS,#999999,2011.3.31,Ubuntu
Garuda,#b21200,2011.4.13,PCLinuxOS
LDR,#800080,2011.4.13,Arch
icefeast,#0053bf,2011.4.21,Ubuntu
Sn0wL1nuX,#88aaaa,2011.5.1,Ubuntu
Hadron,#00aadd,2011.5.17,linux
AnikOS,#333333,2011.5.22,Enoch
SlaXBMC,#2d25ce,2011.6.1,Slackware
Bigtux,#219cc5,2011.6.9,Ubuntu
Red Ribbon,#000,2011.6.13,Debian
quantOS,#1b1b1b,2011.6.15,Mint
Slackel,#ddee22,2011.6.16,Slackware
Jeoss,#595959,2011.6.18,Ubuntu
Porteus,#000099,2011.6.20,Slackware
Redo,#345278,2011.7.1,Ubuntu
ServOS,#4b78a7,2011.7,Red Hat
Manjaro,#3fbb3f,2011.7.9,Arch
Snowlinux,#095197,2011.7.17,Debian
Phinx,#004b68,2011.8,PCLinuxOS
Pear OS,#777777,2011.8.15,Ubuntu
Mer,#002bb8,2011.10.3,MeeGo
OpenMediaVault,#75777a,2011.10.17,Debian
DeLi(cate),#cc8844,2011.10.22,DeLi
OccupyOS,#000,2011.10.23,Enoch
Freezy,#584743,2011.11.3,Ubuntu
Commodore OS,#66aaff,2011.11.11,Mint
Saluki,#ff9900,2011.11.21,Puppy
Descent|OS,#0066FF,2011.12.13,Ubuntu
Viperr,#1e1e1e,2011.12.13,Fedora Core
siduction,#535d6c,2011.12.21,sidux
Tizen,#555,2012.1.5,MeeGo
Bridge,#333333,2012.1.30,Arch
Mystras OS,#DD4B39,2012.2.8,Xubuntu
Arduloko OS,#155c06,2012.2.21,Ubuntu
SolusOS,#2244cc,2012.2.22,Debian
TorBOX,#000,2012.2.29,Ubuntu
Nosonja,#336699,2012.3.1,Arch
srvRX live,#888,2012.3.10,Debian
SL4P,#000,2012.3.20,ARMedslack
AtlasX,#447788,2012.4.1,Debian
Xinutop,#d26b36,2012.5.2,Xubuntu
Anthon,#9c16ea,2012.5.4,S.u.S.E
Hybride,#9944ff,2012.5.5,Ubuntu
Xamin,#448bb8,2012.5.14,Debian
Mandragora,#000,2012.5.17,Ubuntu
jfLinux,#b0b366,2012.5.21,Ubuntu
YunoHost,#111111,2012.5.31,Debian
MLIPenguin-OS,#2157f1,2012.6.3,Ubuntu
Cultix,#003355,2012.6.27,Debian
Airinux,#b3ca88,2012.6.28,Ubuntu
SprezzOS,#8070d8,2012.7.1,Debian
Cinnarch,#775436,2012.7.19,Arch
noop,#303030,2012.7.20,linux
Santoku,#222222,2012.7.25,Ubuntu
Bedrock,#00b070,2012.8.3,linux
KaarPux,#cb4b16,2012.8.6,Linux From Scratch
Vulnix,#000,2012.9.10,Ubuntu
